Workbook

Sheet Instruções
A1: CRONOMETRAGEM – Método tradicional × QR Code (redutor RED-001)
A2: Preencha só as células AMARELAS, em segundos (ex.: 1 min 25 s = 85).
A3: Etapa A: do recebimento da ordem até dizer em voz alta o lubrificante e a viscosidade.
A4: Etapa B: até dizer o volume e mostrar os pontos de enchimento, nível e dreno.
A5: Etapa C: até concluir o registro (formulário em papel ou registro no celular).
A6: Ordem contrabalanceada: participantes 1, 3 e 5 começam pelo tradicional; 2 e 4 pelo QR Code.
A7: Totais, médias, redução (%) e ganho anual são calculados sozinhos.
A8: Os valores das abas vão para as Tabelas 1, 2 e 3 do documento.

Sheet Tradicional
A1: Método tradicional
A2: Participante | B2: Etapa A (s) | C2: Etapa B (s) | D2: Etapa C (s) | E2: Total (s) | F2: Começou por
A3: 1 | E3: =IF(COUNT(B3:D3)=3,SUM(B3:D3),"") | F3: Tradicional
A4: 2 | E4: =IF(COUNT(B4:D4)=3,SUM(B4:D4),"") | F4: QR Code
A5: 3 | E5: =IF(COUNT(B5:D5)=3,SUM(B5:D5),"") | F5: Tradicional
A6: 4 | E6: =IF(COUNT(B6:D6)=3,SUM(B6:D6),"") | F6: QR Code
A7: 5 | E7: =IF(COUNT(B7:D7)=3,SUM(B7:D7),"") | F7: Tradicional
A8: Média | B8: =IF(COUNT(B3:B7)=0,"",ROUND(AVERAGE(B3:B7),1)) | C8: =IF(COUNT(C3:C7)=0,"",ROUND(AVERAGE(C3:C7),1)) | D8: =IF(COUNT(D3:D7)=0,"",ROUND(AVERAGE(D3:D7),1)) | E8: =IF(COUNT(E3:E7)=0,"",ROUND(AVERAGE(E3:E7),1))

Sheet QR Code
A1: Método com QR Code
A2: Participante | B2: Etapa A (s) | C2: Etapa B (s) | D2: Etapa C (s) | E2: Total (s) | F2: Começou por
A3: 1 | E3: =IF(COUNT(B3:D3)=3,SUM(B3:D3),"") | F3: Tradicional
A4: 2 | E4: =IF(COUNT(B4:D4)=3,SUM(B4:D4),"") | F4: QR Code
A5: 3 | E5: =IF(COUNT(B5:D5)=3,SUM(B5:D5),"") | F5: Tradicional
A6: 4 | E6: =IF(COUNT(B6:D6)=3,SUM(B6:D6),"") | F6: QR Code
A7: 5 | E7: =IF(COUNT(B7:D7)=3,SUM(B7:D7),"") | F7: Tradicional
A8: Média | B8: =IF(COUNT(B3:B7)=0,"",ROUND(AVERAGE(B3:B7),1)) | C8: =IF(COUNT(C3:C7)=0,"",ROUND(AVERAGE(C3:C7),1)) | D8: =IF(COUNT(D3:D7)=0,"",ROUND(AVERAGE(D3:D7),1)) | E8: =IF(COUNT(E3:E7)=0,"",ROUND(AVERAGE(E3:E7),1))

Sheet Resumo
A1: Comparação entre os métodos (Tabela 3)
A2: Etapa | B2: Média tradicional (s) | C2: Média QR Code (s) | D2: Redução (%)
A3: A. Identificar o lubrificante | B3: =Tradicional!B8 | C3: ='QR Code'!B8 | D3: =IF(OR(B3="",B3=0),"",ROUND((B3-C3)/B3*100,1))
A4: B. Volume e pontos | B4: =Tradicional!C8 | C4: ='QR Code'!C8 | D4: =IF(OR(B4="",B4=0),"",ROUND((B4-C4)/B4*100,1))
A5: C. Registro da intervenção | B5: =Tradicional!D8 | C5: ='QR Code'!D8 | D5: =IF(OR(B5="",B5=0),"",ROUND((B5-C5)/B5*100,1))
A6: Total | B6: =Tradicional!E8 | C6: ='QR Code'!E8 | D6: =IF(OR(B6="",B6=0),"",ROUND((B6-C6)/B6*100,1))
A8: Ganho por ano
A9: Intervenções por ano | B9: 12 | C9: ex.: mensal = 12
A10: Custo da hora do mecânico (R$) | C10: citar a fonte no documento
A11: Tempo ganho por intervenção (s) | B11: =IF(B6="","",B6-C6)
A12: Tempo ganho por ano (h) | B12: =IF(B11="","",ROUND(B11*B9/3600,2))
A13: Economia por ano (R$) | B13: =IF(OR(B12="",B10=""),"",ROUND(B12*B10,2))
